state,lga,affected_household,affected_individuals,displaced_household,displaced_individuals,esa_source,esa_processed,state_clean,lga_clean,lga_pcode,impact_score,risk_level,PCODE,avg_10day_rainfall,max_10day_rainfall,avg_1month_rainfall,max_1month_rainfall,avg_3month_rainfall,max_3month_rainfall,avg_rainfall_anomaly,max_rainfall_anomaly,avg_1month_anomaly,avg_3month_anomaly,rainfall_std,rainfall_90th_percentile,anomaly_std,extreme_rainfall_days,total_population,log_population
ADAMAWA,LAMURDE,790,4490,170,940,HDX,2026-04-04,ADAMAWA,LAMURDE,NG002009,5430,Medium,NG002009,23.124714943066266,110.13513,68.0068383156988,259.2973,195.8671433916024,569.4595,97.24691171686747,225.39322,95.71829089156627,94.62607639156626,26.986629281915572,63.567568,27.45708389073686,17,114922.0,11.652017617869095
ADAMAWA,SHELLENG,240,1440,175,1050,HDX,2026-04-04,ADAMAWA,SHELLENG,NG002017,2490,Medium,NG002017,25.3364830363253,114.03846,74.52756926012049,267.1731,214.0150830218675,647.8269,99.22002428915664,200.40547,98.11042363855422,97.53945920783133,29.075824934303856,72.203847,27.25142594360054,34,127457.0,11.75554217754794
YOBE,FUNE,870,4394,221,1214,HDX,2026-04-04,YOBE,FUNE,NG036005,5608,Medium,NG036005,20.872310791626507,162.79167,61.58634485186747,319.6845,177.9302571048795,727.3631,105.90381176506024,248.69714,106.45214910843374,109.20030519879518,31.950035796071028,69.25892999999999,31.18401820783078,17,514425.0,13.15080699495171
BORNO,JERE,11983,62710,8523,48073,HDX,2026-04-04,BORNO,JERE,NG008013,110783,High,NG008013,19.24872819837349,203.2,56.970079786626506,320.8,164.84781280379516,709.81476,108.9178132560241,297.06076,110.6652408614458,114.17930199096385,30.909490820049616,59.94000000000002,37.42812827911968,34,562771.0,13.240629851740955
BORNO,DAMBOA,2769,13291,0,0,HDX,2026-04-04,BORNO,DAMBOA,NG008007,13291,High,NG008007,26.200045332530124,175.17924,77.32075493313253,350.2547,222.1381562120482,787.23584,103.4667144939759,205.69128,103.54921152409638,104.492988686747,35.87175937607962,74.33490499999999,27.014736179126103,17,231519.0,12.352421541865311
BORNO,GWOZA,23,144,3,16,HDX,2026-04-04,BORNO,GWOZA,NG008011,160,Low,NG008011,25.81773443579217,161.29268,76.13040010934638,331.80487,218.45584761115362,776.04877,105.6055493192771,197.00722,105.4433936807229,106.47834063253013,36.05238092402259,77.853655,30.617979117516484,17,274959.0,12.524380911523716
BORNO,BAMA,355,1598,0,0,HDX,2026-04-04,BORNO,BAMA,NG008003,1598,Low,NG008003,23.302800655481928,190.89404,68.83435732837349,322.70862,198.47215563138556,802.3378,112.0967573192771,323.07803,113.40007897590363,116.87259737349397,34.94924181398315,73.69205299999999,43.69313164517437,17,260271.0,12.469482517006234
BORNO,HAWUL,75,594,0,0,HDX,2026-04-04,BORNO,HAWUL,NG008012,594,Low,NG008012,28.54208135846988,117.347824,84.06451908925301,290.9565,241.75170099889155,723.5362,100.16387806024096,256.69302,99.6569731445783,99.54793251807229,32.63579315095117,76.86232,28.528702310875683,17,316731.0,12.665811269417912
YOBE,FIKA,865,2105,0,0,HDX,2026-04-04,YOBE,FIKA,NG036004,2105,Medium,NG036004,22.32173771138554,158.40845,65.81350819391567,335.6479,189.85033168307228,735.4789,103.47870608433735,222.46341,103.24840078915662,104.96025984337349,31.847282170201662,68.633805,27.34145030452495,17,322079.0,12.682555240873619
BORNO,SHANI,70,462,0,0,HDX,2026-04-04,BORNO,SHANI,NG008027,462,Low,NG008027,27.364933550903615,100.6579,80.67025947710843,275.1842,231.86937359216867,677.26324,100.24963377108433,219.95082,99.49698677710843,99.14949663253012,30.88364668575161,76.710527,27.33266094811262,17,238807.0,12.383415160776964
ADAMAWA,DEMSA,1048,6288,499,2994,HDX,2026-04-04,ADAMAWA,DEMSA,NG002001,9282,High,NG002001,24.90625520512048,112.0137,73.13715118987952,245.0548,209.8372671001205,597.7808,99.87015764457831,251.68698,98.97650524096385,98.75846539759037,28.76089548474959,70.753425,29.982474334667454,17,186422.0,12.13577356417958
YOBE,DAMATURU,443,1373,133,476,HDX,2026-04-04,YOBE,DAMATURU,NG036003,1849,Low,NG036003,21.385027925301205,170.0,63.29202192710843,310.34146,183.16926151506024,730.2805,106.78491214457831,245.16232,107.745166686747,110.45911006626507,32.115589344912244,70.292682,33.94592807652933,17,367744.0,12.81514504217819
YOBE,BURSARI,819,4239,442,2462,HDX,2026-04-04,YOBE,BURSARI,NG036002,6701,Medium,NG036002,14.65023458443976,119.259544,43.151154065524096,262.687,125.44670396268071,596.8321,109.22083060843373,283.48624,110.7144503313253,114.9162633313253,25.57404292326591,52.8244265,34.350415284691856,17,221791.0,12.30949528471771
ADAMAWA,NUMAN,1243,6687,402,2052,HDX,2026-04-04,ADAMAWA,NUMAN,NG002016,8739,High,NG002016,23.705027074939757,112.27586,69.63834647939758,262.34482,200.5598269739759,583.7586,98.29866168072289,239.1683,97.00913795783133,96.3469916686747,27.701999835038386,66.6896555,28.793395802960372,17,92476.0,11.434715243933667
BORNO,BIU,529,2769,1106,1396,HDX,2026-04-04,BORNO,BIU,NG008005,4165,Medium,NG008005,26.984173013855422,144.53636,79.5715223126506,331.91818,228.5348869319277,746.2091,99.6615878554217,205.38382,99.21650257228916,98.83908799999999,34.29689981871857,75.304545,25.05069734942839,17,371197.0,12.824490891948633
YOBE,GEIDAM,1065,6961,145,877,HDX,2026-04-04,YOBE,GEIDAM,NG036006,7838,High,NG036006,16.197289308903613,126.645836,47.910600833000004,256.30557,139.05417513652108,622.5694,110.53579216265061,325.72293,112.53316808433735,117.29117978313253,27.035467015327807,54.1944445,38.66043183042925,17,321325.0,12.680211463087394
ADAMAWA,FUFORE,38,145,0,0,HDX,2026-04-04,ADAMAWA,FUFORE,NG002002,145,Low,NG002002,28.86806384143012,124.38028,84.88087517146023,315.02817,242.66180236376385,672.71124,101.57270226506024,235.4129,101.30864939156625,101.7797195,32.46099289841908,79.637325,31.54503605908854,17,457160.0,13.032790905427113
YOBE,NGURU,1026,2880,515,1547,HDX,2026-04-04,YOBE,NGURU,NG036013,4427,Medium,NG036013,15.968373493975903,102.25,46.835278614457835,251.875,134.63836596385542,612.0625,110.39761068072289,379.01547,111.936177,115.90574405421685,26.404527801099768,61.171875,37.98566240546828,17,226979.0,12.33261718685513
ADAMAWA,GIREI,39,195,0,0,HDX,2026-04-04,ADAMAWA,GIREI,NG002004,195,Low,NG002004,30.179819241506024,130.05,88.86495934216867,285.81665,254.9913628927711,720.85,99.62417359036145,256.76422,98.85486639156628,98.52975656024095,33.99741405525907,81.833332,28.617934154007433,17,230313.0,12.347198874234678
YOBE,GUJBA,462,2931,901,6307,HDX,2026-04-04,YOBE,GUJBA,NG036007,9238,High,NG036007,23.43798397506024,179.11607,69.29991406481928,326.5982,199.97192244433737,745.9822,103.46951937951808,217.99118,103.5113071325301,104.88588039156626,32.90040982422296,70.299105,27.37695917295829,17,238948.0,12.38400541902161
BORNO,MAGUMERI,447,2231,189,1482,HDX,2026-04-04,BORNO,MAGUMERI,NG008020,3713,Medium,NG008020,20.275279834216867,166.56548,60.101764647891564,296.81546,174.74447568373495,742.10114,110.41145427710843,292.336,112.6258361686747,117.41624711445785,31.94624939856915,70.38392999999999,41.121090940865734,17,218201.0,12.293176518241943
YOBE,JAKUSKO,600,2923,378,1720,HDX,2026-04-04,YOBE,JAKUSKO,NG036009,4643,Medium,NG036009,15.311665361481927,110.860466,44.973801957566266,248.56589,129.93261489861447,579.73645,108.0403833253012,308.12363,109.1398049698795,113.06131623493975,24.89533108236448,54.4224815,33.089857545860546,17,264494.0,12.485577626510134
BORNO,BAYO,86,738,16,148,HDX,2026-04-04,BORNO,BAYO,NG008004,886,Low,NG008004,27.334691791566264,113.79412,80.81431704277108,278.64703,233.1709776192771,693.4706,101.58653897590362,221.57028,101.08526125301205,100.9634246566265,31.24403988716176,73.97059,28.23917167841149,17,195329.0,12.182445714899018
BORNO,MAFA,286,1584,6592,33582,HDX,2026-04-04,BORNO,MAFA,NG008019,35166,High,NG008019,19.693454190963855,187.52577,58.26537142710843,300.0103,169.06365784578315,718.78345,110.69695890361447,273.9536,112.4302691626506,116.53117460843374,31.062789675443376,65.541235,40.6947079433899,17,106106.0,11.572203297920604
BORNO,KAGA,959,4795,45,217,HDX,2026-04-04,BORNO,KAGA,NG008014,5012,Medium,NG008014,22.89385805253012,180.52174,67.79157954650603,336.83698,195.94689914373495,787.0761,108.05172204216866,246.81027,109.33643830722892,112.46869558433735,33.58179921686025,74.11413,34.737104775695514,17,133221.0,11.799772188615327
YOBE,YUSUFARI,1822,7233,255,1054,HDX,2026-04-04,YOBE,YUSUFARI,NG036017,8287,High,NG036017,14.369449154536145,90.935715,42.20864829694578,222.62857,121.73687662181929,553.88574,110.877636813253,363.14963,112.87237275903615,117.53683608433735,23.761276985305287,52.9857135,37.26150345288052,17,276806.0,12.53107579142323
BORNO,KONDUGA,2489,12740,2489,12740,HDX,2026-04-04,BORNO,KONDUGA,NG008016,25480,High,NG008016,22.495000516506025,207.20619,66.51512267915663,360.50516,192.26214046018072,762.067,108.24309539759035,248.08276,109.46592403614459,112.33541343373493,34.112829882299614,72.36855499999999,34.97846456641674,17,208582.0,12.248092322542332
ADAMAWA,YOLA NORTH,13,60,5,38,HDX,2026-04-04,ADAMAWA,YOLA NORTH,NG002020,98,Low,NG002020,25.458835502891564,112.0,74.84337421433735,266.1667,213.94678757578313,603.5,102.08115042771084,252.8527,101.82684712048193,102.5092318192771,29.34056657503789,71.416668,32.40641508617774,17,235099.0,12.36776623452816
BORNO,DIKWA,3221,13504,110,331,HDX,2026-04-04,BORNO,DIKWA,NG008008,13835,High,NG008008,20.566368926686746,164.74138,60.79009106102409,286.67242,175.77627743210843,739.7586,113.15695298795181,370.4804,115.11480756024098,119.09008269879519,30.933604729636517,63.98276,47.59077053628587,17,135303.0,11.815279377653878
YOBE,BADE,1867,7937,53,268,HDX,2026-04-04,YOBE,BADE,NG036001,8205,High,NG036001,14.116079788710842,109.34615,41.48911033051807,251.38461,120.20504976133735,578.96155,109.1715091566265,299.2105,110.57611432530119,114.94701312048193,24.120510531990114,50.0576935,35.274435409662225,17,233869.0,12.362520684406116
YOBE,MACHINA,751,1561,44,54,HDX,2026-04-04,YOBE,MACHINA,NG036011,1615,Low,NG036011,16.937442118891564,114.4359,49.58310125148193,276.84616,142.38816780726506,649.3846,111.56922309638553,354.34445,113.57515993373494,118.30308542771085,28.11502883693964,62.1794875,36.754197067555786,17,176189.0,12.079318237184674
YOBE,NANGERE,251,1447,50,318,HDX,2026-04-04,YOBE,NANGERE,NG036012,1765,Low,NG036012,20.565512048192772,153.6875,60.51750753012048,336.5625,174.36596385542168,682.34375,105.01907873493975,302.8785,105.24749516265061,107.5458368433735,31.729407212643657,68.0625,31.063396113294722,17,194718.0,12.179312772628874
BORNO,MONGUNO,12222,47961,4412,7020,HDX,2026-04-04,BORNO,MONGUNO,NG008024,54981,High,NG008024,18.019793365361448,139.22449,53.34620100819277,277.7959,154.96938724668675,710.2449,110.1914028313253,287.54736,112.4573718313253,117.32077785542168,29.08165016949553,64.010205,37.69413283767265,17,218491.0,12.294504679575189
BORNO,NGALA,1572,7215,0,0,HDX,2026-04-04,BORNO,NGALA,NG008025,7215,High,NG008025,19.803943076204817,148.29546,58.53012044463856,292.70453,169.21755160006026,738.5454,113.15680509939759,371.27145,114.95497042771085,119.12859728313254,30.058390811250813,68.75,49.77109251352518,17,264988.0,12.487443594672857
YOBE,YUNUSARI,318,2140,86,584,HDX,2026-04-04,YOBE,YUNUSARI,NG036016,2724,Medium,NG036016,12.697394261506023,106.24806,37.45572999686747,212.87598,108.94195443204819,491.01547,110.00696691566264,357.74612,112.63999390361447,117.52290737951807,22.295018661632742,42.5813965,36.74589956296008,17,296869.0,12.60104961152395
YOBE,GULANI,1171,7116,150,77,HDX,2026-04-04,YOBE,GULANI,NG036008,7193,High,NG036008,23.65411648493976,144.59723,69.83977541385542,315.375,201.0860951150602,694.41675,101.37518425903615,219.2255,101.08895072891566,101.55528923493976,31.026706960212067,65.20139,25.097161377328852,17,289361.0,12.575433778407456
YOBE,POTISKUM,505,1807,27,109,HDX,2026-04-04,YOBE,POTISKUM,NG036014,1916,Medium,NG036014,21.85223240018072,171.64706,64.42877384536143,356.47058,185.48901627728915,746.9412,104.43321377710845,262.70105,104.90584146385542,107.15200416867471,33.601043492488905,75.35293999999999,30.054305246546956,17,511826.0,13.145741956298746
ADAMAWA,MADAGALI,910,4550,0,0,HDX,2026-04-04,ADAMAWA,MADAGALI,NG002010,4550,Medium,NG002010,27.375502195180726,159.57143,80.56970851072289,349.7619,230.59352008120484,774.1429,101.80557054819276,196.2159,101.0006593313253,100.7051549698795,37.112076483692555,81.357145,27.786124655086372,17,160694.0,11.987263437364769
BORNO,CHIBOK,183,991,18,102,HDX,2026-04-04,BORNO,CHIBOK,NG008006,1093,Low,NG008006,26.82440413253012,139.34042,78.91489415060241,321.76596,226.31235712650604,757.234,101.0267986626506,188.18506,100.58422834939759,100.7550193554217,34.211523809534526,77.23404500000001,25.62588267108685,17,128512.0,11.763785345515519
ADAMAWA,YOLA SOUTH,52,314,0,0,HDX,2026-04-04,ADAMAWA,YOLA SOUTH,NG002021,314,Low,NG002021,26.78313241873494,120.55556,78.77041428740964,294.55554,224.9993284801807,631.88885,102.07568803614458,247.32666,101.98358375301206,102.91592512650601,30.656360847810294,75.5555525,32.53054497153898,17,435841.0,12.985035071332643
